Moscow,Russian Fed.
Dubai,United Arab Emirates
Taipei,Taiwan
New Delhi,India
Jakarta,Indonesia
Amman,Jordan
Manila,Philippines
Tehran,Iran
Singapore,Singapore
Madrid,Spain
Reykjavik,Iceland
Istanbul,Turkey
Copenhagen,Denmark
Athens,Greece
Nicosia,Cyprus
Tbilisi,Georgia
Kiev,Ukraine
Sarajevo,Bosnia - Herzegovina
Algiers,Algeria
Gaborone,Botswana
Cairo,Egypt
Addis Ababa,Ethiopia
Accra,Ghana
Kigali,Rwanda
Abuja,Nigeria
Dodoma,Tanzania
Dakar,Senegal
Sydney,Australia
Wellington,New Zealand
Mexico City,Mexico
Panama City,Panama
Managua,Nicaragua
Santo Domingo,Dominican Republic
Fort-de-France,Martinique
Havana,Cuba
Quito,Ecuador
Sao Paulo,Brazil
Buenos Aires,Argentina